"Effort_Gag","Effort_RG","Effort_RS","Effort_GS","Date","Year","Month","Income","A_Gag","A_RG","A_RS","A_GS","Bag_Gag","Bag_RS","Bag_RG","M_Gag","M_RG","M_RS","W_Gag","W_RG","W_RS","sin1","cos1","sin2","cos2","P","Fuel","Weight_Gag","Weight_GS","Weight_RG","Weight_RS","Open","Fishable","S_Gag","S_RG","S_RS","FIR","RS_days","Effort_RS2"
166182.819169902,44810.566882242,48.402116585,155488.511396466,2004-01-01,2004,1,6.012,2.35298200276995,1.12949,0.23554,1.054,5,5,2,1,1,0,1,1,0,0.5,0.866025403784439,0.866025403784439,0.5,1.149329,1.61384264785676,1,0.500040168376561,1,1,0,0.989247311827957,3.65,3.65,1.98,3.72527024737149,0,0
41298.145746819,36560.989213649,0,50726.211421464,2004-02-01,2004,2,6.012,2.35298200276995,1.12949,0.23554,1.054,5,5,2,1,1,0,1,1,0,0.866025403784439,0.5,0.866025403784439,-0.5,1.149329,1.6669524838013,1,0.2429371094891,1,1,0,0.972413793103448,3.65,3.65,1.98,3.60658150632483,0,0
316101.280892434,65828.985207194,27.312588163,75573.046653764,2004-03-01,2004,3,6.012,2.35298200276995,1.12949,0.23554,1.054,5,5,2,1,1,0,1,1,0,1,6.12303176911189e-17,1.22460635382238e-16,-1,1.149329,1.75423308270677,1,0.438341864585292,1,1,0,0.973118279569892,3.65,3.65,1.98,3.42713865065384,0,0
196233.128728925,169497.678480235,5420.910054602,89904.645414785,2004-04-01,2004,4,6.012,2.35298200276995,1.12949,0.23554,1.054,5,5,2,1,1,0.4,1,1,0.25,0.866025403784439,-0.5,-0.866025403784438,-0.5,1.149329,1.80977588046958,1,0.370393470327665,1,1,1,0.983333333333333,3.65,3.65,1.98,3.32195829598528,1,5420.910054602
113839.125069663,84809.145853836,62395.660740716,85930.20754157,2004-05-01,2004,5,6.012,2.35298200276995,1.12949,0.23554,1.054,5,5,2,1,1,1,1,1,1,0.5,-0.866025403784438,-0.866025403784439,0.499999999999999,1.149329,1.96442712765957,1,0.239772726778768,1,1,1,0.994623655913978,3.65,3.65,1.98,3.06043421786927,2,62395.660740716
68562.8653931848,69043.3426840408,100663.903740887,174765.005562242,2004-06-01,2004,6,6.012,2.35298200276995,1.12949,0.23554,1.054,5,5,2,1,1,1,1,1,1,1.22460635382238e-16,-1,-2.44921270764475e-16,1,1.149329,1.98828873611846,1,0.527139284292853,1,1,1,1,3.65,3.65,1.98,3.02370570772163,3,100663.903740887
91887.345241876,56010.0534392725,134095.609638438,142941.4620537,2004-07-01,2004,7,6.012,2.35298200276995,1.12949,0.23554,1.054,5,5,2,1,1,1,1,1,1,-0.5,-0.866025403784439,0.866025403784438,0.500000000000001,1.149329,1.91896046389035,1,0.187373164245419,1,1,1,1,3.65,3.65,1.98,3.13294625560536,4,134095.609638438
107894.063556331,129686.60174254,141620.995602163,76452.0071155101,2004-08-01,2004,8,6.012,2.35298200276995,1.12949,0.23554,1.054,5,5,2,1,1,1,1,1,1,-0.866025403784438,-0.5,0.866025403784439,-0.499999999999999,1.149329,1.81695881731785,1,0.281309233522785,1,1,1,0.995391705069124,3.65,3.65,1.98,3.30882568316809,5,141620.995602163
24981.190593216,5692.360513313,8841.647313344,15948.647308304,2004-09-01,2004,9,6.012,2.35298200276995,1.12949,0.23554,1.054,5,5,2,1,1,1,1,1,1,-1,-1.83690953073357e-16,3.67381906146713e-16,-1,1.149329,1.87895778364116,1,0.436155752118161,1,1,1,0.833333333333333,3.65,3.65,1.98,3.19964612954186,6,8841.647313344
200558.815141459,89161.770413081,245447.754836457,65172.896947938,2004-10-01,2004,10,6.012,2.35298200276995,1.12949,0.23554,1.054,5,5,2,1,1,1,1,1,1,-0.866025403784439,0.499999999999999,-0.866025403784438,-0.500000000000001,1.149329,2.00550552922591,1,0.2223650697082,1,1,1,0.990783410138249,3.65,3.65,1.98,2.99774790564678,7,245447.754836457
215854.818543148,100675.700026689,0,35411.1854571511,2004-11-01,2004,11,6.012,2.35298200276995,1.12949,0.23554,1.054,5,5,2,1,1,0.0666666666666667,1,1,0,-0.5,0.866025403784438,-0.866025403784439,0.499999999999999,1.149329,2.01505500261917,1,0.292326509049579,1,1,1,0.9515625,3.65,3.65,1.98,2.98354138829242,8,0
117227.412111648,44534.1853058492,0,24850.454202838,2004-12-01,2004,12,6.012,2.35298200276995,1.12949,0.23554,1.054,5,5,2,1,1,0,1,1,0,-2.44921270764475e-16,1,-4.89842541528951e-16,1,1.149329,1.91595235602094,1,0.413235579175334,1,1,0,0.907433380084151,3.65,3.65,1.98,3.13786508370477,0,0
77329.173241485,25632.356807676,0,84593.093497713,2005-01-01,2005,1,6.197,2.150442478,1.82372,0.27348,0.679,3,5,2,1,1,0,1,1,0,0.499999999999999,0.866025403784439,0.866025403784438,0.500000000000001,1.027936,1.88695796111403,1,0.30307490556515,1,1,0,0.949308755760369,3.04,3.04,1.98,3.28412191882716,0,0
147307.963477768,101004.157736085,66.791022285,27246.835222462,2005-02-01,2005,2,6.197,2.150442478,1.82372,0.27348,0.679,3,5,2,1,1,0,1,1,0,0.866025403784438,0.500000000000001,0.866025403784439,-0.499999999999999,1.027936,1.94213843733613,1,0.447491859490322,1,1,0,0.979388594944151,3.04,3.04,1.98,3.19081270462877,0,0
247194.940991683,80305.678096657,1704.711162417,89151.649512588,2005-03-01,2005,3,6.197,2.150442478,1.82372,0.27348,0.679,3,5,2,1,1,0,1,1,0,1,1.19433000815572e-15,2.38866001631144e-15,-1,1.027936,2.11642335766423,1,0.704264304647117,1,1,0,0.975852534562212,3.04,3.04,1.98,2.92805311260562,0,1704.711162417
249736.949408422,157388.08588327,126857.953691292,32206.578922882,2005-04-01,2005,4,6.197,2.150442478,1.82372,0.27348,0.679,3,5,2,1,1,0.433333333333333,1,1,0.333333333333333,0.866025403784439,-0.499999999999999,-0.866025403784438,-0.500000000000002,1.027936,2.28526642524573,1,0.469820286401097,1,1,1,0.988319088319088,3.04,3.04,1.98,2.71171883135405,1,126857.953691292
167610.313494481,108685.235969548,126319.134991312,42353.945667527,2005-05-01,2005,5,6.197,2.150442478,1.82372,0.27348,0.679,3,5,2,1,1,1,1,1,1,0.500000000000001,-0.866025403784438,-0.86602540378444,0.499999999999997,1.027936,2.18774922918808,1,0.275802447037669,1,1,1,1,3.04,3.04,1.98,2.83259155908826,2,126319.134991312
103190.804578585,49097.539753734,40071.446539081,69501.102557469,2005-06-01,2005,6,6.197,2.150442478,1.82372,0.27348,0.679,3,5,2,1,1,1,1,1,1,3.67381906146713e-16,-1,-7.34763812293426e-16,1,1.027936,2.16411265432099,1,0.500898604348838,1,1,1,0.993333333333333,3.04,3.04,1.98,2.86352930270369,3,40071.446539081
103445.710400548,44008.028095301,62544.563714412,115268.633296835,2005-07-01,2005,7,6.197,2.150442478,1.82372,0.27348,0.679,3,5,2,1,1,1,1,1,1,-0.499999999999999,-0.866025403784439,0.866025403784438,0.500000000000002,1.027936,2.28552699228792,1,0.432697221274101,1,1,1,0.967741935483871,3.04,3.04,1.98,2.71140967527866,4,62544.563714412
43619.240599369,22586.439263869,49609.235722371,64801.682137469,2005-08-01,2005,8,6.197,2.150442478,1.82372,0.27348,0.679,3,5,2,1,1,1,1,1,1,-0.866025403784438,-0.500000000000001,0.86602540378444,-0.499999999999997,1.027936,2.49470214943705,1,0.393491778153411,1,1,1,0.98020022246941,3.04,3.04,1.98,2.48406408011409,5,49609.235722371
48991.7867054353,35998.569439369,28515.8061958443,70645.39243329,2005-09-01,2005,9,6.197,2.150442478,1.82372,0.27348,0.679,3,5,2,1,1,1,1,1,1,-1,-4.28612223837832e-16,8.57224447675664e-16,-1,1.027936,2.91721792260692,1,0.309726390833826,1,1,1,0.993333333333333,3.04,3.04,1.98,2.12428422024164,6,28515.8061958443
31657.822446104,1246.12784294,30600.000522889,49476.254798821,2005-10-01,2005,10,6.197,2.150442478,1.82372,0.27348,0.679,3,5,2,1,1,1,1,1,1,-0.866025403784439,0.499999999999999,-0.866025403784438,-0.500000000000002,1.027936,2.83068410462777,1,0.213726275675774,1,1,1,0.951612903225806,3.04,3.04,1.98,2.18922344244234,7,30600.000522889
127497.657132115,6624.098402676,0,113449.095337475,2005-11-01,2005,11,6.197,2.150442478,1.82372,0.27348,0.679,3,5,2,0,0,0.0333333333333333,0,0,0,-0.500000000000001,0.866025403784438,-0.86602540378444,0.499999999999997,1.027936,2.35195582329317,1,0.269740389606165,1,1,1,0.981477821695213,3.04,3.04,1.98,2.63482840052797,8,0
210217.898904628,93725.854130733,98.256740131,59535.782913737,2005-12-01,2005,12,6.197,2.150442478,1.82372,0.27348,0.679,3,5,2,0,0,0,0,0,0,-4.89842541528951e-16,1,-9.79685083057902e-16,1,1.027936,2.20902024291498,1,0.38040089913105,1,1,0,1,3.04,3.04,1.98,2.80531607615445,0,0
40733.5897826515,23235.6422590094,0,78915.9701431044,2006-01-01,2006,1,6.399,2.64159292,0.63288,0.216628299302718,0.826,5,5,1,1,1,0,1,1,0,0.499999999999999,0.866025403784439,0.866025403784438,0.500000000000002,1.055054,2.38000304878049,1,0.400549795925543,1,1,0,0.95725242499436,3.65,3.65,1.98,2.68865201802109,0,0
198439.334684771,168709.467043742,18.77189741,125070.733027462,2006-02-01,2006,2,6.399,2.64159292,0.63288,0.216628299302718,0.826,5,5,1,1,1,0,1,1,0,0.866025403784438,0.500000000000001,0.86602540378444,-0.499999999999997,1.055054,2.32167372667675,1,0.294708330729673,1,1,0,0.977272727272727,3.65,3.65,1.98,2.75620123812985,0,0
85479.624095729,10409.642334511,25.988749034,59106.054710377,2006-03-01,2006,3,6.399,2.64159292,0.63288,0.216628299302718,0.826,5,5,1,1,1,0,1,1,0,1,2.32742969862032e-15,4.65485939724064e-15,-1,1.055054,2.4716074484147,1,0.262988414200107,1,1,0,0.991202346041056,3.65,3.65,1.98,2.58900336463396,0,0
69589.1824571871,40646.7679130899,83657.148401326,38095.084195231,2006-04-01,2006,4,6.399,2.64159292,0.63288,0.216628299302718,0.826,5,5,1,1,1,0.433333333333333,1,1,0.4,0.866025403784439,-0.499999999999999,-0.866025403784437,-0.500000000000002,1.055054,2.82180680680681,1,0.428379384654867,1,1,1,0.981818181818182,3.65,3.65,1.98,2.26769599696345,1,83657.148401326
126262.998870798,67123.153427751,126733.590420642,41572.598070987,2006-05-01,2006,5,6.399,2.64159292,0.63288,0.216628299302718,0.826,5,5,1,1,1,1,1,1,1,0.500000000000002,-0.866025403784438,-0.86602540378444,0.499999999999997,1.055054,2.88524813895782,1,0.452331517676085,1,1,1,1,3.65,3.65,1.98,2.21783350748868,2,126733.590420642
77998.337419888,81128.727498671,120089.924901543,42556.467393539,2006-06-01,2006,6,6.399,2.64159292,0.63288,0.216628299302718,0.826,5,5,1,1,1,1,1,1,1,2.38866001631144e-15,-1,-4.77732003262288e-15,1,1.055054,2.82757432098765,1,0.585135372110011,1,1,1,0.979885057471264,3.65,3.65,1.98,2.26307048854683,3,120089.924901543
40132.842101361,7425.569709884,70024.942064237,43380.377958894,2006-07-01,2006,7,6.399,2.64159292,0.63288,0.216628299302718,0.826,5,5,1,1,1,1,1,1,1,-0.499999999999999,-0.866025403784439,0.866025403784437,0.500000000000002,1.055054,2.94067028092656,1,0.46886393028752,1,1,1,1,3.65,3.65,1.98,2.17603450529781,4,70024.942064237
47166.565118481,21457.023743826,63099.024581004,40743.919527623,2006-08-01,2006,8,6.399,2.64159292,0.63288,0.216628299302718,0.826,5,5,1,1,1,1,1,1,1,-0.866025403784438,-0.500000000000002,0.86602540378444,-0.499999999999997,1.055054,2.95279262899263,1,0.46152428304788,1,1,1,0.997067448680352,3.65,3.65,1.98,2.16710104772345,5,63099.024581004
45606.3978005579,20519.2005438054,39220.6873984167,33230.7725605361,2006-09-01,2006,9,6.399,2.64159292,0.63288,0.216628299302718,0.826,5,5,1,1,1,1,1,1,1,-1,-2.44989033400256e-15,4.89978066800512e-15,-1,1.055054,2.62406718979892,1,0.42239510902284,1,1,1,1,3.65,3.65,1.98,2.43858085070236,6,39220.6873984167
30041.208106381,11488.5346797857,27762.6143727534,29790.435064483,2006-10-01,2006,10,6.399,2.64159292,0.63288,0.216628299302718,0.826,5,5,1,1,1,1,1,1,1,-0.86602540378444,0.499999999999997,-0.866025403784436,-0.500000000000005,1.055054,2.23481813701331,1,0.68779374283196,1,1,1,0.967741935483871,3.65,3.65,1.98,2.86332023801805,7,27762.6143727534
128670.206115479,62865.163267409,0,64243.466189073,2006-11-01,2006,11,6.399,2.64159292,0.63288,0.216628299302718,0.826,5,5,1,1,1,0.0333333333333333,1,1,0,-0.500000000000003,0.866025403784437,-0.866025403784442,0.499999999999994,1.055054,2.22768334985134,1,0.433888830976082,1,1,1,0.960606060606061,3.65,3.65,1.98,2.87249083242779,8,0
314420.628429253,127027.895801743,0,38716.306810305,2006-12-01,2006,12,6.399,2.64159292,0.63288,0.216628299302718,0.826,5,5,1,1,1,0,1,1,0,-7.34763812293426e-16,1,-1.46952762458685e-15,1,1.055054,2.31944813895782,1,0.582347050870661,1,1,0,0.981776288227901,3.65,3.65,1.98,2.75884590498981,0,0
67239.685477012,23742.367904826,0,38074.595313917,2007-01-01,2007,1,6.255,1.287610619,0.59173,0.21919,0.99,5,2,1,1,1,0,1,1,0,0.499999999999999,0.866025403784439,0.866025403784437,0.500000000000002,1.09871,2.27692923686819,1,0.61076349860572,1,1,0,0.990322580645161,3.36,3.38,1.98,2.74712094636875,0,0
45671.02174134,18437.826438217,63.64162699,22460.605191504,2007-02-01,2007,2,6.255,1.287610619,0.59173,0.21919,0.99,5,2,1,0.5,0.5,0,0.5,0.5,0,0.866025403784438,0.500000000000002,0.866025403784441,-0.499999999999997,1.09871,2.26304367737728,1,0.373480408641169,1,1,0,0.983980011757789,3.36,3.38,1.98,2.76397670205337,0,0
79054.276731905,36446.734759292,20046.8502989,55783.381493428,2007-03-01,2007,3,6.255,1.287610619,0.59173,0.21919,0.99,5,2,1,0.516129032258065,0.580645161290323,0,0.555555555555556,0.555555555555556,0,1,2.5723509693848e-15,5.14470193876959e-15,-1,1.09871,2.58129236998708,1,0.346041664578448,1,1,0,0.978494623655914,3.36,3.38,1.98,2.42320477630797,0,20046.8502989
100941.192765656,34648.932331319,175638.103390547,59226.169526633,2007-04-01,2007,4,6.255,1.287610619,0.59173,0.21919,0.99,5,2,1,1,1,0.433333333333333,1,1,0.444444444444444,0.86602540378444,-0.499999999999997,-0.866025403784435,-0.500000000000006,1.09871,2.85442311737894,1,0.218714693156433,1,1,1,0.952857142857143,3.36,3.38,1.98,2.19133595223389,1,175638.103390547
75341.073762141,18416.667211893,44994.822224695,66293.967116073,2007-05-01,2007,5,6.255,1.287610619,0.59173,0.21919,0.99,5,2,1,1,1,1,1,1,1,0.500000000000003,-0.866025403784437,-0.866025403784442,0.499999999999993,1.09871,3.05354603117773,1,0.309249084064689,1,1,1,0.976539589442815,3.36,3.38,1.98,2.04843809005476,2,44994.822224695
64034.805281066,59059.489962931,192967.08915686,63696.426868516,2007-06-01,2007,6,6.255,1.287610619,0.59173,0.21919,0.99,5,2,1,1,1,1,1,1,1,8.57224447675664e-16,-1,-1.71444889535133e-15,1,1.09871,2.99679648375323,1,0.312976399442791,1,1,1,0.981818181818182,3.36,3.38,1.98,2.08722882381594,3,192967.08915686
43393.049609658,52800.003571497,114334.330661952,115014.577335816,2007-07-01,2007,7,6.255,1.287610619,0.59173,0.21919,0.99,5,2,1,1,1,1,1,1,1,-0.499999999999999,-0.866025403784439,0.866025403784437,0.500000000000003,1.09871,2.90726027107971,1,0.520099459382016,1,1,1,1,3.36,3.38,1.98,2.151510156219,4,114334.330661952
81069.422125724,46203.800631961,128474.260313124,129504.635969059,2007-08-01,2007,8,6.255,1.287610619,0.59173,0.21919,0.99,5,2,1,1,1,1,1,1,1,-0.866025403784438,-0.500000000000002,0.866025403784441,-0.499999999999996,1.09871,2.73397694180001,1,0.483940729017354,1,1,1,0.996774193548387,3.36,3.38,1.98,2.28787591598406,5,128474.260313124
59182.435513048,22437.149962193,72348.887089829,131315.056149299,2007-09-01,2007,9,6.255,1.287610619,0.59173,0.21919,0.99,5,2,1,1,1,1,1,1,1,-1,-2.69481160476703e-15,5.38962320953407e-15,-1,1.09871,2.78264764304987,1,0.305290889111511,1,1,1,0.99,3.36,3.38,1.98,2.24785916234235,6,72348.887089829
35084.460254222,5562.53893932,36376.608014245,72515.20576999,2007-10-01,2007,10,6.255,1.287610619,0.59173,0.21919,0.99,5,2,1,1,1,1,1,1,1,-0.86602540378444,0.499999999999997,-0.866025403784435,-0.500000000000006,1.09871,2.83204535469327,1,0.430339170510047,1,1,1,0.949820788530466,3.36,3.38,1.98,2.20865106896477,7,36376.608014245
144881.929026958,27057.386282295,0,54517.847289947,2007-11-01,2007,11,6.255,1.287610619,0.59173,0.21919,0.99,5,2,1,1,1,0.0333333333333333,1,1,0,-0.500000000000003,0.866025403784437,-0.866025403784443,0.499999999999993,1.09871,3.12243657387908,1,0.223959194911251,1,1,1,0.988888888888889,3.36,3.38,1.98,2.00324325314613,8,0
312606.062431153,113812.120046215,0,79190.332942119,2007-12-01,2007,12,6.255,1.287610619,0.59173,0.21919,0.99,5,2,1,1,1,0,1,1,0,-9.79685083057902e-16,1,-1.9593701661158e-15,1,1.09871,3.05994581709702,1,0.44020201098749,1,1,0,0.982078853046595,3.36,3.38,1.98,2.04415384254553,0,0
124529.761280983,57486.11448487,20.324426713,18322.4474662046,2008-01-01,2008,1,5.91,1.758849558,0.94059,0.25352,1.107,5,2,1,1,1,0,1,1,0,0.499999999999999,0.866025403784439,0.866025403784437,0.500000000000003,1.063646,3.10937896360624,1,0.524385801347792,1,1,0,0.967144563918757,3.35,3.35,1.22,1.90070109471173,0,0
185529.931538748,42174.9146809645,79.518927199,79947.9869952901,2008-02-01,2008,2,5.91,1.758849558,0.94059,0.25352,1.107,5,2,1,0.5,0.5,0,0.5,0.5,0,0.866025403784438,0.500000000000002,0.866025403784441,-0.499999999999996,1.063646,3.07891562440781,1,0.604770214293828,1,1,0,0.983077905491699,3.35,3.35,1.22,1.91950696964511,0,0
168410.053961642,66094.494588643,39.0104271282,62986.974407717,2008-03-01,2008,3,5.91,1.758849558,0.94059,0.25352,1.107,5,2,1,0.483870967741935,0.483870967741935,0,0.4,0.4,0,1,2.81727224014927e-15,5.63454448029854e-15,-1,1.063646,3.31246641126537,1,0.444746980140569,1,1,0,0.967741935483871,3.35,3.35,1.22,1.78416903486196,0,0
70547.3460443274,19720.659401679,12251.5239580714,93351.343841569,2008-04-01,2008,4,5.91,1.758849558,0.94059,0.25352,1.107,5,2,1,1,1,0,1,1,0,0.86602540378444,-0.499999999999997,-0.866025403784435,-0.500000000000006,1.063646,3.49205084579072,1,0.376900053853225,1,1,0,0.99,3.35,3.35,1.22,1.69241521987684,0,12251.5239580714
95024.522904813,35317.332747973,17049.638249253,32414.304136646,2008-05-01,2008,5,5.91,1.758849558,0.94059,0.25352,1.107,5,2,1,1,1,0,1,1,0,0.500000000000004,-0.866025403784437,-0.866025403784443,0.499999999999993,1.063646,3.79670463590956,1,0.448401815382096,1,1,0,0.987096774193548,3.35,3.35,1.22,1.55661305441111,0,17049.638249253
242163.023294467,122875.260442266,132918.191290379,138004.357678132,2008-06-01,2008,6,5.91,1.758849558,0.94059,0.25352,1.107,5,2,1,1,1,0.966666666666667,1,1,0.888888888888889,4.65485939724064e-15,-1,-9.30971879448128e-15,1,1.063646,4.0352576027549,1,0.348471531028615,1,1,1,1,3.35,3.35,1.22,1.46459051237899,1,132918.191290379
49308.539904667,45241.226489353,146727.563042525,246541.801030827,2008-07-01,2008,7,5.91,1.758849558,0.94059,0.25352,1.107,5,2,1,1,1,1,1,1,1,-0.499999999999999,-0.866025403784439,0.866025403784437,0.500000000000003,1.063646,4.04915107282407,1,0.458057077826579,1,1,1,1,3.35,3.35,1.22,1.45956520112698,2,146727.563042525
35467.45470754,13061.378575444,43434.926048109,119098.41055125,2008-08-01,2008,8,5.91,1.758849558,0.94059,0.25352,1.107,5,2,1,1,1,1,1,1,1,-0.866025403784437,-0.500000000000002,0.866025403784441,-0.499999999999996,1.063646,3.751963784983,1,0.410692391567048,1,1,1,0.932903225806452,3.35,3.35,1.22,1.57517511860173,3,43434.926048109
78308.660599394,26902.888434596,55138.489990107,83165.571035539,2008-09-01,2008,9,5.91,1.758849558,0.94059,0.25352,1.107,5,2,1,1,1,1,1,1,1,-1,-2.93973287553151e-15,5.87946575106302e-15,-1,1.063646,3.7278371917877,1,0.492118345222357,1,1,1,0.968162393162393,3.35,3.35,1.22,1.58536966502173,4,55138.489990107
39940.916038126,15668.64861735,44858.472274961,51959.61210529,2008-10-01,2008,10,5.91,1.758849558,0.94059,0.25352,1.107,5,2,1,1,1,0.032258064516129,1,1,0,-0.86602540378444,0.499999999999997,-0.866025403784435,-0.500000000000006,1.063646,3.09541313081912,1,0.32672773777355,1,1,1,0.973607038123167,3.35,3.35,1.22,1.90927664587249,5,44858.472274961
106131.410654852,41169.601649199,0,60878.989642874,2008-11-01,2008,11,5.91,1.758849558,0.94059,0.25352,1.107,5,2,1,1,1,0,1,1,0,-0.500000000000004,0.866025403784437,-0.866025403784443,0.499999999999993,1.063646,2.12941906424162,1,0.261066883698329,1,1,0,0.981818181818182,3.35,3.35,1.22,2.77540485066748,0,0
218309.205354148,74608.371759313,0,153663.320023473,2008-12-01,2008,12,5.91,1.758849558,0.94059,0.25352,1.107,5,2,1,1,1,0,1,1,0,-4.77732003262288e-15,1,-9.55464006524576e-15,1,1.063646,1.70616957514417,1,0.343272792768094,1,1,0,0.973607038123167,3.35,3.35,1.22,3.46389953618802,0,0
139488.87368328,82757.270560202,0,61008.574231294,2009-01-01,2009,1,6.036,0.278761062,0.67002,0.405319571546527,1.026,2,2,2,1,1,0,1,1,0,0.499999999999998,0.86602540378444,0.866025403784437,0.500000000000003,1.014976,1.82089093270164,1,0.308270404460341,1,1,0,0.973607038123167,3.23,3.23,1.22,3.31486081434018,0,0
11509.3752765,4870.612915551,0,76285.215153691,2009-02-01,2009,2,6.036,0.278761062,0.67002,0.405319571546527,1.026,2,2,2,0.0357142857142857,0.0357142857142857,0,0.125,0.125,0,0.866025403784437,0.500000000000002,0.866025403784441,-0.499999999999996,1.014976,1.96874197581734,1,0.42580154397489,1,1,0,0.983766233766234,3.23,3.23,1.22,3.06591725789466,0,0
8067.96895403,3826.281088268,0,73523.38150286,2009-03-01,2009,3,6.036,0.278761062,0.67002,0.405319571546527,1.026,2,2,2,0.516129032258065,0.516129032258065,0,0.444444444444444,0.444444444444444,0,1,6.61490718971425e-15,1.32298143794285e-14,-1,1.014976,1.98782215718709,1,0.368089444854116,1,1,0,0.975806451612903,3.23,3.23,1.22,3.03648894252259,0,0
90420.697786922,27236.126725117,0,80825.651547051,2009-04-01,2009,4,6.036,0.278761062,0.67002,0.405319571546527,1.026,2,2,2,1,1,0,1,1,0,0.86602540378444,-0.499999999999997,-0.866025403784435,-0.500000000000006,1.014976,2.08920243149091,1,0.333450354771497,1,1,0,0.961111111111111,3.23,3.23,1.22,2.8891408075246,0,0
125746.162026658,61470.405064314,9786.66474216,65853.361769592,2009-05-01,2009,5,6.036,0.278761062,0.67002,0.405319571546527,1.026,2,2,2,1,1,0,1,1,0,0.500000000000001,-0.866025403784438,-0.866025403784439,0.499999999999999,1.014976,2.25549682986307,1,0.442306110132211,1,1,0,0.994623655913978,3.23,3.23,1.22,2.67612878904665,0,9786.66474216
56707.630553978,52101.138800432,248565.339050878,105513.89644858,2009-06-01,2009,6,6.036,0.278761062,0.67002,0.405319571546527,1.026,2,2,2,1,1,1,1,1,1,4.89978066800512e-15,-1,-9.79956133601023e-15,1,1.014976,2.6273766693476,1,0.359899698157729,1,1,1,0.991666666666667,3.23,3.23,1.22,2.29734855699194,1,248565.339050878
87913.54114474,53484.85803354,209907.027217564,116979.55591129,2009-07-01,2009,7,6.036,0.278761062,0.67002,0.405319571546527,1.026,2,2,2,1,1,1,1,1,1,-0.499999999999998,-0.86602540378444,0.866025403784437,0.500000000000003,1.014976,2.53197895156542,1,0.391486810705208,1,1,1,1,3.23,3.23,1.22,2.3839060732587,2,209907.027217564
87844.21918968,57949.173759251,76817.27497949,110744.001275022,2009-08-01,2009,8,6.036,0.278761062,0.67002,0.405319571546527,1.026,2,2,2,1,1,1,1,1,1,-0.866025403784436,-0.500000000000005,0.866025403784445,-0.499999999999989,1.014976,2.57576412461516,1,0.601181854246861,1,1,1,1,3.23,3.23,1.22,2.34338227725018,3,76817.27497949
29060.62055435,25233.989021354,2557.452126185,50892.709161644,2009-09-01,2009,9,6.036,0.278761062,0.67002,0.405319571546527,1.026,2,2,2,1,1,1,1,1,1,-1,-3.18465414629598e-15,6.36930829259197e-15,-1,1.014976,2.47054431183224,1,0.546565623629894,1,1,1,1,3.23,3.23,1.22,2.4431862934381,4,2557.452126185
44590.673293456,48366.402892076,794.96371963,53251.508103863,2009-10-01,2009,10,6.036,0.278761062,0.67002,0.405319571546527,1.026,2,2,2,1,1,0,1,1,0,-0.866025403784442,0.499999999999994,-0.866025403784431,-0.500000000000013,1.014976,2.5124173839764,1,0.66534849638648,1,1,0,0.97423835125448,3.23,3.23,1.22,2.40246705762194,0,0
205541.182014278,54105.037921432,0,86756.813315445,2009-11-01,2009,11,6.036,0.278761062,0.67002,0.405319571546527,1.026,2,2,2,1,1,0,1,1,0,-0.500000000000004,0.866025403784436,-0.866025403784443,0.499999999999992,1.014976,2.67989536352156,1,0.413330236072434,1,1,0,0.963690476190476,3.23,3.23,1.22,2.25232674460405,0,0
90860.296078642,29294.257037597,0,16357.134395104,2009-12-01,2009,12,6.036,0.278761062,0.67002,0.405319571546527,1.026,2,2,2,1,1,0,1,1,0,-1.46952762458685e-15,1,-2.93905524917371e-15,1,1.014976,2.6283627652198,1,0.285468372695287,1,1,0,0.973118279569892,3.23,3.23,1.22,2.29648664935916,0,0
90128.326720496,14673.247339487,0,34211.065764946,2010-01-01,2010,1,5.75,0.829646018,1.01952,0.48691,0.919,2,2,2,1,1,0,1,1,0,0.499999999999995,0.866025403784441,0.866025403784433,0.50000000000001,1.067484,2.75137071252935,1,0.520657805780109,1,1,0,0.970430107526882,3.23,3.08,0.78,2.08986741547234,0,0
0,0,0,69019.795020702,2010-02-01,2010,2,5.75,0.829646018,1.01952,0.48691,0.919,2,2,2,0.0357142857142857,0.0357142857142857,0,0,0,0,0.866025403784437,0.500000000000002,0.866025403784441,-0.499999999999995,1.067484,2.6786673773692,1,0.523041951458483,1,1,0,0.961309523809524,3.23,3.08,0.78,2.1465897739223,0,0
0,0,0,46375.362119397,2010-03-01,2010,3,5.75,0.829646018,1.01952,0.48691,0.919,2,2,2,0.516129032258065,0.032258064516129,0,0.5,0,0,1,6.85982846047872e-15,1.37196569209574e-14,-1,1.067484,2.8114975939024,1,0.465149103808559,1,1,0,0.974611708482676,3.23,3.08,0.78,2.04517336684572,0,0
186827.142597457,56672.132138491,0,41767.441446708,2010-04-01,2010,4,5.75,0.829646018,1.01952,0.48691,0.919,2,2,2,1,1,0,1,1,0,0.866025403784441,-0.499999999999997,-0.866025403784435,-0.500000000000007,1.067484,2.84593449003129,1,0.568050010464358,1,1,0,0.986111111111111,3.23,3.08,0.78,2.02042598666309,0,0
121332.188817147,27655.59772889,140.476475721,47998.194975577,2010-05-01,2010,5,5.75,0.829646018,1.01952,0.48691,0.919,2,2,2,1,1,0,1,1,0,0.500000000000001,-0.866025403784438,-0.86602540378444,0.499999999999998,1.067484,2.81818295574953,1,0.634723635117649,1,1,0,0.994623655913978,3.23,3.08,0.78,2.04032175706304,0,0
73802.5770520442,27150.6959427849,177977.343670586,51668.0559044857,2010-06-01,2010,6,5.75,0.829646018,1.01952,0.48691,0.919,2,2,2,1,1,1,1,1,1,5.14470193876959e-15,-1,-1.02894038775392e-14,1,1.067484,2.6464138684927,1,0.401931538181554,1,1,1,0.996969696969697,3.23,3.08,0.78,2.17275161245848,1,177977.343670586
105389.346299328,49817.256102098,36502.707094392,85239.171076304,2010-07-01,2010,7,5.75,0.829646018,1.01952,0.48691,0.919,2,2,2,1,1,0.774193548387097,1,1,0.777777777777778,-0.499999999999998,-0.86602540378444,0.866025403784436,0.500000000000004,1.067484,2.63355567637006,1,0.413955940154112,1,1,1,1,3.23,3.08,0.78,2.18335995384213,2,36502.707094392
37515.662496753,20576.587270836,0,100529.846651442,2010-08-01,2010,8,5.75,0.829646018,1.01952,0.48691,0.919,2,2,2,1,1,0,1,1,0,-0.866025403784435,-0.500000000000006,0.866025403784445,-0.499999999999989,1.067484,2.66367256698057,1,0.4098355144803,1,1,0,0.996415770609319,3.23,3.08,0.78,2.15867373162835,0,0
98333.050379469,47344.896168021,1011.902083395,68389.868039295,2010-09-01,2010,9,5.75,0.829646018,1.01952,0.48691,0.919,2,2,2,1,1,0,1,1,0,-1,-3.42957541706046e-15,6.85915083412092e-15,-1,1.067484,2.64353694712155,1,0.598756189357615,1,1,0,1,3.23,3.08,0.78,2.17511618525361,0,1011.902083395
135358.056347291,60327.69948549,113879.935255614,64559.409184916,2010-10-01,2010,10,5.75,0.829646018,1.01952,0.48691,0.919,2,2,2,1,1,0.483870967741935,1,1,1,-0.866025403784442,0.499999999999993,-0.866025403784431,-0.500000000000013,1.067484,2.76143425853442,1,0.633731820404227,1,1,1,1,3.23,3.08,0.78,2.08225127294963,3,113879.935255614
240658.522164369,114014.076414474,239674.112876163,38028.697214456,2010-11-01,2010,11,5.75,0.829646018,1.01952,0.48691,0.919,2,2,2,1,1,0.3,1,1,0.75,-0.500000000000004,0.866025403784436,-0.866025403784443,0.499999999999992,1.067484,2.8181849609759,1,0.361156456743347,1,1,1,0.996666666666667,3.23,3.08,0.78,2.04032030531057,4,239674.112876163
108475.201053273,6684.541729634,0,44757.982719523,2010-12-01,2010,12,5.75,0.829646018,1.01952,0.48691,0.919,2,2,2,1,1,0,1,1,0,-1.71444889535133e-15,1,-3.42889779070266e-15,1,1.067484,2.98912782731498,1,0.435890789214995,1,1,0,0.958944281524927,3.23,3.08,0.78,1.92363804165746,0,0
58914.43451758,21508.256282637,0,26364.765993616,2011-01-01,2011,1,5.709,1.121681416,1.3298,0.54818,0.572,2,2,2,0,1,0,0,1,0,0.499999999999995,0.866025403784442,0.866025403784433,0.50000000000001,1.037805,3.10672790732689,1,0.379010159820555,1,1,0,0.994134897360704,0.62,3.08,0.49,1.83762471973678,0,0
17038.44663014,1958.5788009,8171.4815034,99898.006314722,2011-02-01,2011,2,5.709,1.121681416,1.3298,0.54818,0.572,2,2,2,0,0.0357142857142857,0,0,0,0,0.866025403784437,0.500000000000003,0.866025403784442,-0.499999999999995,1.037805,3.19769160351099,1,0.473866567665028,1,1,0,0.996753246753247,0.62,3.08,0.49,1.78535040518969,0,8171.4815034
6124.115379,0,2817.6117889,51508.021974206,2011-03-01,2011,3,5.709,1.121681416,1.3298,0.54818,0.572,2,2,2,0,0.032258064516129,0,0,0,0,1,7.1047497312432e-15,1.42094994624864e-14,-1,1.037805,3.57855779927613,1,0.698791538539292,1,1,0,0.988172043010753,0.62,3.08,0.49,1.59533541728873,0,2817.6117889
134118.838303517,115260.562854507,3031.00971659,91031.802166131,2011-04-01,2011,4,5.709,1.121681416,1.3298,0.54818,0.572,2,2,2,0,1,0,0,1,0,0.866025403784441,-0.499999999999996,-0.866025403784434,-0.500000000000007,1.037805,3.77616073961703,1,0.841393013335511,1,1,0,0.993939393939394,0.62,3.08,0.49,1.5118530151815,0,3031.00971659
89048.62884682,52041.48303504,4809.5189979,42691.283475919,2011-05-01,2011,5,5.709,1.121681416,1.3298,0.54818,0.572,2,2,2,0,1,0,0,1,0,0.500000000000007,-0.866025403784434,-0.866025403784447,0.499999999999986,1.037805,3.85002644660436,1,0.77142215668828,1,1,0,1,0.62,3.08,0.49,1.48284695681382,0,4809.5189979
11798.53696119,67482.177399892,395343.212089855,63016.127736652,2011-06-01,2011,6,5.709,1.121681416,1.3298,0.54818,0.572,2,2,2,0,1,1,0,1,1,5.38962320953407e-15,-1,-1.07792464190681e-14,1,1.037805,3.5781637960029,1,0.616840925142132,1,1,1,1,0.62,3.08,0.49,1.59551108486912,1,395343.212089855
6882.39440344,126415.81059806,102192.926916953,80818.23502453,2011-07-01,2011,7,5.709,1.121681416,1.3298,0.54818,0.572,2,2,2,0,1,0.612903225806452,0,1,0.6,-0.499999999999998,-0.86602540378444,0.866025403784436,0.500000000000004,1.037805,3.59218001789812,1,0.438298370821507,1,1,1,0.997311827956989,0.62,3.08,0.49,1.58928560694474,2,102192.926916953
7095.05746527,49322.59300451,0,81942.489367607,2011-08-01,2011,8,5.709,1.121681416,1.3298,0.54818,0.572,2,2,2,0,1,0,0,1,0,-0.866025403784435,-0.500000000000006,0.866025403784445,-0.499999999999989,1.037805,3.60792180487071,1,0.587777167545023,1,1,0,0.997311827956989,0.62,3.08,0.49,1.58235136700935,0,0
108354.121220476,44673.64147884,3538.38295621,58175.187872137,2011-09-01,2011,9,5.709,1.121681416,1.3298,0.54818,0.572,2,2,2,0.533333333333333,1,0,0.5,1,0,-1,-3.67449668782494e-15,7.34899337564987e-15,-1,1.037805,3.52634650510936,1,0.506182529126701,1,1,0,0.987878787878788,0.62,3.08,0.49,1.61895604749226,0,3538.38295621
107747.936113026,48230.474909362,0,23102.329321272,2011-10-01,2011,10,5.709,1.121681416,1.3298,0.54818,0.572,2,2,2,1,1,0,1,1,0,-0.866025403784443,0.499999999999993,-0.866025403784431,-0.500000000000014,1.037805,3.37103225806452,1,0.648878939851304,1,1,0,0.98050715887528,0.62,3.08,0.49,1.69354653499455,0,0
88582.455036703,50692.251745517,10682.650476,92278.6046800325,2011-11-01,2011,11,5.709,1.121681416,1.3298,0.54818,0.572,2,2,2,0.5,1,0,0.5,1,0,-0.500000000000004,0.866025403784436,-0.866025403784444,0.499999999999992,1.037805,3.34517575666568,1,0.603216896323776,1,1,0,0.973263888888889,0.62,3.08,0.49,1.70663678541377,0,10682.650476
6116.309538502,45861.3490028418,0,42393.604143196,2011-12-01,2011,12,5.709,1.121681416,1.3298,0.54818,0.572,2,2,2,0,1,0,0,1,0,-1.9593701661158e-15,1,-3.91874033223161e-15,1,1.037805,3.24697148919241,1,0.396611331693308,1,1,0,0.989247311827957,0.62,3.08,0.49,1.75825381251498,0,0
25926.946562026,64228.5820160465,0,67141.57088554,2012-01-01,2012,1,5.721,1.526548673,2.60354,0.95857,0.682,2,2,4,0,1,0,0,1,0,0.499999999999995,0.866025403784442,0.866025403784432,0.500000000000011,1.070524,3.42801785334468,1,0.486726595300405,1,1,0,0.980913978494624,1.23,3.07,0.47,1.66889445876663,0,0
19590.161119688,6392.263113634,0,125901.205982892,2012-02-01,2012,2,5.721,1.526548673,2.60354,0.95857,0.682,2,2,4,0,0.0357142857142857,0,0,0,0,0.866025403784437,0.500000000000003,0.866025403784442,-0.499999999999995,1.070524,3.66406204751506,1,0.576436484890598,1,1,0,0.994252873563218,1.23,3.07,0.47,1.56138185593226,0,0
9857.66738803,7403.525631576,0,86513.018007863,2012-03-01,2012,3,5.721,1.526548673,2.60354,0.95857,0.682,2,2,4,0,0,0,0,0,0,1,7.34967100200767e-15,1.46993420040153e-14,-1,1.070524,3.84800361938479,1,0.564485674429494,1,1,0,0.966589861751152,1.23,3.07,0.47,1.48674496333105,0,0
9606.1379724,159702.751936751,0,80115.773877661,2012-04-01,2012,4,5.721,1.526548673,2.60354,0.95857,0.682,2,2,4,0,1,0,0,1,0,0.866025403784441,-0.499999999999996,-0.866025403784434,-0.500000000000008,1.070524,3.89673669962335,1,0.587585278240256,1,1,0,0.973808822084684,1.23,3.07,0.47,1.46815154345763,0,0
21318.32703278,162015.66633805,5138.227407124,42700.118227702,2012-05-01,2012,5,5.721,1.526548673,2.60354,0.95857,0.682,2,2,4,0,1,0,0,1,0,0.500000000000007,-0.866025403784434,-0.866025403784447,0.499999999999985,1.070524,3.56381302562097,1,0.516881876954474,1,1,0,0.989542715349167,1.23,3.07,0.47,1.60530307254353,0,5138.227407124
10415.80395039,86978.183011208,330551.971658078,47855.705168407,2012-06-01,2012,6,5.721,1.526548673,2.60354,0.95857,0.682,2,2,4,0,1,0.966666666666667,0,1,1,5.63454448029854e-15,-1,-1.12690889605971e-14,1,1.070524,3.31712862954986,1,0.496395119149117,1,1,1,0.947293447293447,1.23,3.07,0.47,1.72468439994633,1,330551.971658078
180547.010938011,121564.859655345,199754.594880293,160386.856460647,2012-07-01,2012,7,5.721,1.526548673,2.60354,0.95857,0.682,2,2,4,0.967741935483871,1,0.580645161290323,0.888888888888889,1,0.555555555555556,-0.499999999999998,-0.86602540378444,0.866025403784436,0.500000000000005,1.070524,3.29761681729839,1,0.489643621836304,1,1,1,1,1.23,3.07,0.47,1.73488926002233,2,199754.594880293
79711.713330969,74169.814146162,1068.990317369,144349.508892216,2012-08-01,2012,8,5.721,1.526548673,2.60354,0.95857,0.682,2,2,4,1,1,0,1,1,0,-0.866025403784435,-0.500000000000006,0.866025403784445,-0.499999999999988,1.070524,3.64316256809135,1,0.508848090751774,1,1,0,0.956989247311828,1.23,3.07,0.47,1.57033892753165,0,1068.990317369
127116.733801908,82699.942064683,141.09974823,55952.409080509,2012-09-01,2012,9,5.721,1.526548673,2.60354,0.95857,0.682,2,2,4,1,1,0,1,1,0,-1,-3.91941795858941e-15,7.83883591717882e-15,-1,1.070524,3.77276006927715,1,0.678764525440302,1,1,0,0.99375,1.23,3.07,0.47,1.5163964564267,0,0
107149.190091472,40932.981903146,144.543563019,17267.736421423,2012-10-01,2012,10,5.721,1.526548673,2.60354,0.95857,0.682,2,2,4,1,1,0,1,1,0,-0.866025403784443,0.499999999999993,-0.866025403784431,-0.500000000000014,1.070524,3.62359014636549,1,0.857394448553561,1,1,0,0.917130144605117,1.23,3.07,0.47,1.57882093970761,0,0
5439.0376702,49280.846925748,0,111883.437566385,2012-11-01,2012,11,5.721,1.526548673,2.60354,0.95857,0.682,2,2,4,0.0333333333333333,1,0,0,1,0,-0.500000000000004,0.866025403784436,-0.866025403784444,0.499999999999991,1.070524,3.33313214765884,1,0.780974901015179,1,1,0,0.997435897435897,1.23,3.07,0.47,1.71640359474447,0,0
4694.15238848,85185.638066366,3973.2901146,48713.964180085,2012-12-01,2012,12,5.721,1.526548673,2.60354,0.95857,0.682,2,2,4,0,1,0,0,1,0,-9.30971879448128e-15,1,-1.86194375889626e-14,1,1.070524,3.28413173863375,1,0.730010979319565,1,1,0,0.975020678246485,1.23,3.07,0.47,1.74201294445637,0,3973.2901146
2781.73144758,81957.42109896,0,131276.836503995,2013-01-01,2013,1,5.954,1.752212389,2.51239,1.70375,0.787,2,2,4,0,1,0,0,1,0,0.499999999999995,0.866025403784442,0.866025403784432,0.500000000000011,1.058168,3.41206074886433,1,0.520939279042982,1,1,0,0.975358422939068,1.56,3.08,0.44,1.74498651642756,0,0
3336.8934187,10803.48681998,0,42368.290203668,2013-02-01,2013,2,5.954,1.752212389,2.51239,1.70375,0.787,2,2,4,0,0.0357142857142857,0,0,0,0,0.866025403784437,0.500000000000003,0.866025403784442,-0.499999999999994,1.058168,3.72727853916971,1,0.459985646053106,1,1,0,0.983525733525734,1.56,3.08,0.44,1.59741214331847,0,0
7934.6329484,0,0,71477.33529972,2013-03-01,2013,3,5.954,1.752212389,2.51239,1.70375,0.787,2,2,4,0,0.032258064516129,0,0,0.1,0,1,7.59459227277215e-15,1.51891845455443e-14,-1,1.058168,3.71769459783086,1,0.492366635787599,1,1,0,0.968556533072662,1.56,3.08,0.44,1.60153015351878,0,0
10412.77358624,37013.70221344,0,33115.86887452,2013-04-01,2013,4,5.954,1.752212389,2.51239,1.70375,0.787,2,2,4,0,1,0,0,1,0,0.866025403784441,-0.499999999999996,-0.866025403784434,-0.500000000000008,1.058168,3.48637165822497,1,0.634815927399459,1,1,0,1,1.56,3.08,0.44,1.70779268066658,0,0
79416.25059714,124662.9470986,10469.6826216,59116.59771035,2013-05-01,2013,5,5.954,1.752212389,2.51239,1.70375,0.787,2,2,4,0,1,0,0,1,0,0.500000000000008,-0.866025403784434,-0.866025403784447,0.499999999999985,1.058168,3.43911213988672,1,0.650412489827505,1,1,0,0.993506493506494,1.56,3.08,0.44,1.73126078994217,0,10469.6826216
5633.16586481,160775.856157256,507051.19720539,102664.03371412,2013-06-01,2013,6,5.954,1.752212389,2.51239,1.70375,0.787,2,2,4,0,1,0.966666666666667,0,1,0.9,5.87946575106302e-15,-1,-1.1758931502126e-14,1,1.058168,3.46228859172766,1,0.678262473253615,1,1,1,0.987878787878788,1.56,3.08,0.44,1.71967178421398,1,507051.19720539
241273.55936197,130978.052510225,20887.93496255,244162.76769569,2013-07-01,2013,7,5.954,1.752212389,2.51239,1.70375,0.787,2,2,4,1,1,0,1,1,0,-0.499999999999991,-0.866025403784444,0.866025403784429,0.500000000000017,1.058168,3.50337977936138,1,0.394753594828741,1,1,0,1,1.56,3.08,0.44,1.69950173117838,0,20887.93496255
202719.239592426,177470.473942175,0,262730.985259529,2013-08-01,2013,8,5.954,1.752212389,2.51239,1.70375,0.787,2,2,4,1,1,0,1,1,0,-0.866025403784435,-0.500000000000006,0.866025403784446,-0.499999999999988,1.058168,3.50320905751811,1,0.286895793123718,1,1,0,1,1.56,3.08,0.44,1.69958455297503,0,0
125826.81583385,78526.28137357,2894.75773473,114230.437873154,2013-09-01,2013,9,5.954,1.752212389,2.51239,1.70375,0.787,2,2,4,1,1,0,1,1,0,-1,-4.16433922935389e-15,8.32867845870777e-15,-1,1.058168,3.44500189843379,1,0.534774493696927,1,1,0,1,1.56,3.08,0.44,1.72830093437884,0,2894.75773473
162251.199711023,104506.180428814,766961.485032288,186886.109178515,2013-10-01,2013,10,5.954,1.752212389,2.51239,1.70375,0.787,2,2,4,1,1,0.483870967741935,1,1,0.5,-0.866025403784443,0.499999999999993,-0.86602540378443,-0.500000000000014,1.058168,3.26357367317392,1,0.528766621148741,1,1,1,1,1.56,3.08,0.44,1.82438044801653,2,766961.485032288
246308.103211344,54734.943269079,0,49436.97902442,2013-11-01,2013,11,5.954,1.752212389,2.51239,1.70375,0.787,2,2,4,1,1,0,1,1,0,-0.500000000000005,0.866025403784436,-0.866025403784444,0.499999999999991,1.058168,3.25334169713889,1,0.430026197539653,1,1,0,0.967265577737447,1.56,3.08,0.44,1.83011824587505,0,0
19303.477939398,51410.281010123,0,104133.881259015,2013-12-01,2013,12,5.954,1.752212389,2.51239,1.70375,0.787,2,2,4,0.0967741935483871,1,0,0.111111111111111,1,0,-9.55464006524576e-15,1,-1.91092801304915e-14,1,1.058168,3.4007081550957,1,0.636280479263653,1,1,0,0.987096774193548,1.56,3.08,0.44,1.75081180991035,0,0
3306.1087746,11542.793039368,0,94726.6173075,2014-01-01,2014,1,5.581,1.533185841,1.10786,1.05962,1.262,2,2,3,0,1,0,0,1,0,0.499999999999994,0.866025403784442,0.866025403784432,0.500000000000011,1.112037,3.38354095490648,1,0.562834460162203,1,1,0,0.972811059907834,1.56,2.77,0.52,1.64945542979374,0,0
803.38888767,37840.098774119,0,93533.989227998,2014-02-01,2014,2,5.581,1.533185841,1.10786,1.05962,1.262,2,2,3,0,1,0,0,1,0,0.866025403784437,0.500000000000003,0.866025403784442,-0.499999999999994,1.112037,3.36238799398075,1,0.516829014871148,1,1,0,0.988335738335738,1.56,2.77,0.52,1.65983224124966,0,0
2448.669876,34226.345854902,0,154575.351862536,2014-03-01,2014,3,5.581,1.533185841,1.10786,1.05962,1.262,2,2,3,0,1,0,0,1,0,1,7.83951354353662e-15,1.56790270870732e-14,-1,1.112037,3.52757235466243,1,0.39351149945455,1,1,0,0.97741935483871,1.56,2.77,0.52,1.58210787444899,0,0
0,59572.894291219,616.43082806,65416.2420392784,2014-04-01,2014,4,5.581,1.533185841,1.10786,1.05962,1.262,2,2,3,0,1,0,0,1,0,0.866025403784441,-0.499999999999996,-0.866025403784434,-0.500000000000008,1.112037,3.69413864989653,1,0.436151511423378,1,1,0,0.986666666666667,1.56,2.77,0.52,1.51077166531265,0,0
32397.60109567,76981.181167692,104203.841897443,72429.623363948,2014-05-01,2014,5,5.581,1.533185841,1.10786,1.05962,1.262,2,2,3,0,1,0.258064516129032,0,1,0.333333333333333,0.500000000000002,-0.866025403784438,-0.866025403784441,0.499999999999997,1.112037,3.63766071067018,1,1,1,1,1,0.983870967741935,1.56,2.77,0.52,1.53422774796713,1,104203.841897443
8024.54498681,115939.11149729,243519.404117559,157800.746495614,2014-06-01,2014,6,5.581,1.533185841,1.10786,1.05962,1.262,2,2,3,0,1,1,0,1,1,1.32298143794285e-14,-1,-2.6459628758857e-14,1,1.112037,3.56061799915931,1,0.84540786888481,1,1,1,1,1.56,2.77,0.52,1.56742453172953,2,243519.404117559
321569.469801277,215349.846197636,98111.105260477,157788.702591908,2014-07-01,2014,7,5.581,1.533185841,1.10786,1.05962,1.262,2,2,3,1,1,0.451612903225806,1,1,0.5,-0.499999999999991,-0.866025403784444,0.866025403784428,0.500000000000018,1.112037,3.4836401740349,1,0.882038034774542,1,1,1,1,1.56,2.77,0.52,1.60205983430713,3,98111.105260477
186590.78264054,185500.471770775,0,283139.332392991,2014-08-01,2014,8,5.581,1.533185841,1.10786,1.05962,1.262,2,2,3,1,1,0,1,1,0,-0.866025403784435,-0.500000000000006,0.866025403784446,-0.499999999999987,1.112037,3.30746558656873,1,0.837605578062273,1,1,0,1,1.56,2.77,0.52,1.68739472986926,0,0
58444.682726954,50144.298059161,0,128629.417102108,2014-09-01,2014,9,5.581,1.533185841,1.10786,1.05962,1.262,2,2,3,1,1,0,1,1,0,-1,-4.40926050011836e-15,8.81852100023672e-15,-1,1.112037,3.28046692060609,1,0.684554575988857,1,1,0,1,1.56,2.77,0.52,1.70128220618328,0,0
56710.150252585,18577.11823874,477.67312192,99263.42955703,2014-10-01,2014,10,5.581,1.533185841,1.10786,1.05962,1.262,2,2,3,1,0.129032258064516,0,1,0.125,0,-0.866025403784439,0.499999999999999,-0.866025403784437,-0.500000000000003,1.112037,3.12911898450202,1,0.639438015135006,1,1,0,0.996774193548387,1.56,2.77,0.52,1.78356912205695,0,0
164977.801223548,27401.847592912,0,114040.404718363,2014-11-01,2014,11,5.581,1.533185841,1.10786,1.05962,1.262,2,2,3,1,0,0,1,0,0,-0.500000000000011,0.866025403784432,-0.866025403784451,0.499999999999978,1.112037,2.83262245770386,1,0.460254428226991,1,1,0,0.97,1.56,2.77,0.52,1.97025903851797,0,0
5554.285200355,28577.8963405949,0,112255.258307804,2014-12-01,2014,12,5.581,1.533185841,1.10786,1.05962,1.262,2,2,3,0.0967741935483871,0,0,0,0,0,-9.79956133601023e-15,1,-1.95991226720205e-14,1,1.112037,2.53752990247765,1,0.686774928668244,1,1,0,0.993548387096774,1.56,2.77,0.52,2.19938294896572,0,0
589.71850076,52964.64672633,0,67892.714749382,2015-01-01,2015,1,5.91,0.736725664,0.64254,1.64811,1.5,2,2,4,0,1,0,0,1,0,0.499999999999994,0.866025403784442,0.866025403784432,0.500000000000012,1.173075,2.13092468442839,1,0.671753474596027,1,1,0,0.983870967741935,1.56,2.81,0.79,2.77344386837647,0,0
0,27748.197956263,146.59995006,62619.957390344,2015-02-01,2015,2,5.91,0.736725664,0.64254,1.64811,1.5,2,2,4,0,1,0,0,1,0,0.866025403784437,0.500000000000003,0.866025403784443,-0.499999999999993,1.173075,2.19549389620337,1,0.528173490120111,1,1,0,0.975,1.56,2.81,0.79,2.69187721734051,0,0
1258.84029687,32483.472975421,326.24537779,53781.013738237,2015-03-01,2015,3,5.91,0.736725664,0.64254,1.64811,1.5,2,2,4,0,1,0,0,1,0,1,9.79007456700098e-16,1.9580149134002e-15,-1,1.173075,2.4384269731853,1,0.705001021626968,1,1,0,0.993325917686318,1.56,2.81,0.79,2.42369366193477,0,0
2442.41960844,39847.407193211,0,61203.447107869,2015-04-01,2015,4,5.91,0.736725664,0.64254,1.64811,1.5,2,2,4,0,1,0,0,1,0,0.866025403784445,-0.499999999999989,-0.866025403784426,-0.500000000000021,1.173075,2.46299680245978,1,0.472213855748086,1,1,0,0.996666666666667,1.56,2.81,0.79,2.39951590440464,0,0
5296.74225316,52345.405692359,52669.00254365,108307.904133848,2015-05-01,2015,5,5.91,0.736725664,0.64254,1.64811,1.5,2,2,4,0,1,0.290322580645161,0,1,0.4,0.500000000000008,-0.866025403784434,-0.866025403784448,0.499999999999984,1.173075,2.58712027523362,1,0.739558951043569,1,1,1,0.996774193548387,1.56,2.81,0.79,2.28439321378915,1,52669.00254365
11337.86140018,122804.214979603,170516.217206051,138384.316617641,2015-06-01,2015,6,5.91,0.736725664,0.64254,1.64811,1.5,2,2,4,0,1,1,0,1,1,6.36930829259197e-15,-1,-1.27386165851839e-14,1,1.173075,2.6622931141061,1,0.61115715635802,1,1,1,1,1.56,2.81,0.79,2.2198908034153,2,170516.217206051
233896.944819634,145358.720267134,168210.264946861,293952.835228199,2015-07-01,2015,7,5.91,0.736725664,0.64254,1.64811,1.5,2,2,4,1,1,0.387096774193548,1,1,0.5,-0.499999999999997,-0.86602540378444,0.866025403784435,0.500000000000006,1.173075,2.57817284757666,1,0.632226637629687,1,1,1,0.992763879745447,1.56,2.81,0.79,2.29232109303884,3,168210.264946861
80597.613917944,76503.176052005,362.43850203,241619.166614623,2015-08-01,2015,8,5.91,0.736725664,0.64254,1.64811,1.5,2,2,4,1,1,0,1,1,0,-0.866025403784431,-0.500000000000013,0.866025403784453,-0.499999999999975,1.173075,2.34267741584051,1,0.469923949969379,1,1,0,0.985681369321922,1.56,2.81,0.79,2.52275450304779,0,0
48621.909170899,28577.37272753,103406.884810174,99201.042838709,2015-09-01,2015,9,5.91,0.736725664,0.64254,1.64811,1.5,2,2,4,1,1,0.433333333333333,1,1,1,-1,-1.17596091284838e-14,2.35192182569677e-14,-1,1.173075,2.12169189227748,1,0.431559501773766,1,1,1,0.997619047619048,1.56,2.81,0.79,2.78551283601129,4,103406.884810174
63021.191707094,28767.33178669,44939.041857967,106991.221132147,2015-10-01,2015,10,5.91,0.736725664,0.64254,1.64811,1.5,2,2,4,1,0.258064516129032,0.451612903225806,1,0.222222222222222,1,-0.866025403784443,0.499999999999992,-0.86602540378443,-0.500000000000015,1.173075,2.12104577108155,1,0.341992656411445,1,1,1,0.953917050691244,1.56,2.81,0.79,2.78636136974376,5,44939.041857967
175502.904062623,9360.235124986,0,70181.995574992,2015-11-01,2015,11,5.91,0.736725664,0.64254,1.64811,1.5,2,2,4,1,0,0.0333333333333333,1,0,0.111111111111111,-0.500000000000005,0.866025403784436,-0.866025403784444,0.49999999999999,1.173075,2.07461189549189,1,0.59672546034549,1,1,1,0.935714285714286,1.56,2.81,0.79,2.84872559192511,6,0
393.85809138,12324.6409549,0,49848.029612257,2015-12-01,2015,12,5.91,0.736725664,0.64254,1.64811,1.5,2,2,4,0.0967741935483871,0,0,0,0,0,-2.93905524917371e-15,1,-5.87811049834741e-15,1,1.173075,1.98618972680082,1,0.834495665793395,1,1,0,0.95852534562212,1.56,2.81,0.79,2.97554655542364,0,0
9207.533714,68464.528999916,0,99969.97200282,2016-01-01,2016,1,6.14,1.134955752,0.82707,1.85102,1.33,2,2,2,0,1,0,0,1,0,0.499999999999988,0.866025403784446,0.866025403784424,0.500000000000025,1.202537,1.89212271007293,1,0.627764901148466,1,1,0,0.912442396313364,1.83,3.65,0.71,3.24503266480182,0,0
0,22515.4671926,0,42416.992866554,2016-02-01,2016,2,6.14,1.134955752,0.82707,1.85102,1.33,2,2,2,0,1,0,0,1,0,0.866025403784433,0.50000000000001,0.86602540378445,-0.49999999999998,1.202537,1.73142392240288,1,0.751239239302727,1,1,0,0.912372110647973,1.83,3.65,0.71,3.54621414233372,0,0
0,36084.5225932,0,78649.64874083,2016-03-01,2016,3,6.14,1.134955752,0.82707,1.85102,1.33,2,2,2,0,1,0,0,1,0,1,8.32935608506558e-15,1.66587121701312e-14,-1,1.202537,1.95036225227847,1,0.692899981566342,1,1,0,0.976958525345622,1.83,3.65,0.71,3.14813311877169,0,0
6801.82605967,32330.796467515,0,53922.303369042,2016-04-01,2016,4,6.14,1.134955752,0.82707,1.85102,1.33,2,2,2,0,1,0,0,1,0,0.866025403784441,-0.499999999999995,-0.866025403784433,-0.500000000000009,1.202537,2.03560540372566,1,0.572146525076588,1,1,0,0.988095238095238,1.83,3.65,0.71,3.01630168045451,0,0
11889.43695419,54759.753791566,207576.53363562,106251.362463874,2016-05-01,2016,5,6.14,1.134955752,0.82707,1.85102,1.33,2,2,2,0,1,0.0967741935483871,0,1,0.111111111111111,0.500000000000002,-0.866025403784437,-0.866025403784441,0.499999999999996,1.202537,2.1837995954209,1,0.618074068576338,1,1,1,0.988479262672811,1.83,3.65,0.71,2.81161330594376,1,207576.53363562
102411.470876624,98743.406230002,206756.800114482,212531.350746428,2016-06-01,2016,6,6.14,1.134955752,0.82707,1.85102,1.33,2,2,2,0,1,1,0,1,1,1.37196569209574e-14,-1,-2.74393138419149e-14,1,1.202537,2.28347521739673,1,0.577589230665648,1,1,1,0.978571428571429,1.83,3.65,0.71,2.68888401031121,2,206756.800114482
160226.145400569,98472.128493691,80466.343839685,266041.464384308,2016-07-01,2016,7,6.14,1.134955752,0.82707,1.85102,1.33,2,2,2,0.967741935483871,1,0.354838709677419,1,1,0.4,-0.499999999999991,-0.866025403784444,0.866025403784428,0.500000000000019,1.202537,2.12056307827631,1,0.689470244837247,1,1,1,1,1.83,3.65,0.71,2.89545737304399,3,80466.343839685
16675.611004244,55219.864742879,9939.2538309,177406.714078588,2016-08-01,2016,8,6.14,1.134955752,0.82707,1.85102,1.33,2,2,2,1,1,0,1,1,0,-0.866025403784435,-0.500000000000007,0.866025403784446,-0.499999999999986,1.202537,2.06189196602224,1,0.536754093204723,1,1,0,0.993087557603687,1.83,3.65,0.71,2.97784757939823,0,9939.2538309
60917.012022321,73665.576120993,83753.093384379,122998.951716368,2016-09-01,2016,9,6.14,1.134955752,0.82707,1.85102,1.33,2,2,2,1,1,0.4,1,1,1,-1,-4.89910304164731e-15,9.79820608329462e-15,-1,1.202537,2.15015657112963,1,0.366819733060835,1,1,1,0.969047619047619,1.83,3.65,0.71,2.85560599746195,4,83753.093384379
11168.617814888,10491.685232197,39262.14393743,51324.709003772,2016-10-01,2016,10,6.14,1.134955752,0.82707,1.85102,1.33,2,2,2,1,1,0.483870967741935,1,1,1,-0.86602540378444,0.499999999999998,-0.866025403784437,-0.500000000000003,1.202537,2.1847204052554,1,0.550359229510148,1,1,1,0.942396313364055,1.83,3.65,0.71,2.81042827504613,5,39262.14393743
68413.493164458,19713.106463893,46887.06672889,56862.793390278,2016-11-01,2016,11,6.14,1.134955752,0.82707,1.85102,1.33,2,2,2,1,1,0,1,1,0,-0.500000000000011,0.866025403784432,-0.866025403784452,0.499999999999977,1.202537,2.08575064224814,1,0.55507867156895,1,1,0,0.990476190476191,1.83,3.65,0.71,2.94378430270167,0,46887.06672889
78154.909534673,38070.202242792,0,95954.778632123,2016-12-01,2016,12,6.14,1.134955752,0.82707,1.85102,1.33,2,2,2,1,1,0,1,1,0,-1.02894038775392e-14,1,-2.05788077550784e-14,1,1.202537,2.23773221795461,1,0.545808522961627,1,1,0,0.972350230414747,1.83,3.65,0.71,2.74384930901707,0,0
11786.9439417,12857.368895966,6688.542534,41497.240354103,2017-01-01,2017,1,6.26,0.265486726,0.39169,2.38565,1.22,2,2,2,0,1,0,0,1,0,0.499999999999994,0.866025403784442,0.866025403784431,0.500000000000013,1.186128,2.34860774462374,1,0.705162772275448,1,1,0,0.919354838709677,2.14,3.65,0.45,2.66540890633181,0,6688.542534
19257.3730934,13832.264892579,124.45480123,84024.130501853,2017-02-01,2017,2,6.26,0.265486726,0.39169,2.38565,1.22,2,2,2,0,1,0,0,1,0,0.866025403784436,0.500000000000004,0.866025403784443,-0.499999999999992,1.186128,2.22999381895,1,0.709568589443963,1,1,0,0.989701436130008,2.14,3.65,0.45,2.80718266876073,0,0
0,23668.470391929,676.82500806,36512.131618344,2017-03-01,2017,3,6.26,0.265486726,0.39169,2.38565,1.22,2,2,2,0,1,0,0,1,0,1,1.56797047134311e-14,3.13594094268621e-14,-1,1.186128,2.23281335205231,1,0.709396270563485,1,1,0,0.946663253114866,2.14,3.65,0.45,2.80363783844541,0,0
34829.45869304,15957.5778893697,4264.8457669,27272.6048486431,2017-04-01,2017,4,6.26,0.265486726,0.39169,2.38565,1.22,2,2,2,0,1,0,0,1,0,0.866025403784445,-0.499999999999989,-0.866025403784426,-0.500000000000022,1.186128,2.39106983154294,1,0.617905321205501,1,1,0,0.971428571428571,2.14,3.65,0.45,2.61807493759414,0,4264.8457669
27153.00665695,38687.95463331,186617.272620382,78516.861439233,2017-05-01,2017,5,6.26,0.265486726,0.39169,2.38565,1.22,2,2,2,0,1,0.161290322580645,0,1,0.25,0.500000000000008,-0.866025403784434,-0.866025403784448,0.499999999999983,1.186128,2.30496842436734,1,0.405644693454637,1,1,1,0.961530755359647,2.14,3.65,0.45,2.7158723450705,1,186617.272620382
133899.529404968,66837.179835023,563611.583295046,178097.120188942,2017-06-01,2017,6,6.26,0.265486726,0.39169,2.38565,1.22,2,2,2,1,1,0.366666666666667,1,1,0.75,6.85915083412092e-15,-1,-1.37183016682418e-14,1,1.186128,2.25804644244953,1,0.553176358132493,1,1,1,0.982051282051282,2.14,3.65,0.45,2.77230790399916,2,563611.583295046
44120.431013299,75583.434451913,238883.080213164,149876.876148791,2017-07-01,2017,7,6.26,0.265486726,0.39169,2.38565,1.22,2,2,2,1,1,0.451612903225806,1,1,1,-0.499999999999997,-0.866025403784441,0.866025403784435,0.500000000000007,1.186128,2.14352011593966,1,0.518948985313555,1,1,1,1,2.14,3.65,0.45,2.92042978904156,3,238883.080213164
18709.22941025,37180.043804605,107512.936510835,120761.525549136,2017-08-01,2017,8,6.26,0.265486726,0.39169,2.38565,1.22,2,2,2,1,1,0.387096774193548,1,1,1,-0.866025403784431,-0.500000000000013,0.866025403784454,-0.499999999999974,1.186128,2.2537285343116,1,0.455888153049266,1,1,1,0.994560030540179,2.14,3.65,0.45,2.77761935596742,4,107512.936510835
62219.129982276,39505.2908142,22887.022806706,65956.620154512,2017-09-01,2017,9,6.26,0.265486726,0.39169,2.38565,1.22,2,2,2,1,1,0.1,1,1,0.222222222222222,-1,-1.22494516700128e-14,2.44989033400256e-14,-1,1.186128,2.6871532834526,1,0.673310609717644,1,1,1,0.933574879227053,2.14,3.65,0.45,2.32960286953069,5,22887.022806706
24276.211841257,248.984014066,6049.553276,74985.920281991,2017-10-01,2017,10,6.26,0.265486726,0.39169,2.38565,1.22,2,2,2,1,1,0,1,1,0,-0.866025403784443,0.499999999999992,-0.866025403784429,-0.500000000000016,1.186128,2.41547235423529,1,0.426758831263061,1,1,0,0.958064516129032,2.14,3.65,0.45,2.591625604418,0,6049.553276
124136.998881231,26309.668933376,8070.598619841,45701.052708815,2017-11-01,2017,11,6.26,0.265486726,0.39169,2.38565,1.22,2,2,2,1,1,0,1,1,0,-0.500000000000006,0.866025403784435,-0.866025403784445,0.499999999999989,1.186128,2.43005910898676,1,0.643666683203757,1,1,0,0.990656565656566,2.14,3.65,0.45,2.57606902517288,0,8070.598619841
191470.517003591,76636.331318833,0,116691.842999213,2017-12-01,2017,12,6.26,0.265486726,0.39169,2.38565,1.22,2,2,2,1,1,0,1,1,0,-3.42889779070266e-15,1,-6.85779558140531e-15,1,1.186128,2.34062329680665,1,0.583530659349663,1,1,0,0.974920241049273,2.14,3.65,0.45,2.67450127858704,0,0
2479.16462676,475.32873408,0,22588.533002893,2018-01-01,2018,1,6.316,0.398230088,0.81013,1.92892,1.151,2,2,2,0,1,0,0,1,0,0.499999999999987,0.866025403784446,0.866025403784424,0.500000000000025,1.220747,2.47440690155928,1,0.672662320526931,1,1,0,0.915219189412738,2.14,3.65,0.41,2.55253086952671,0,0
0,47625.027482432,0,108046.783778901,2018-02-01,2018,2,6.316,0.398230088,0.81013,1.92892,1.151,2,2,2,0,1,0,0,1,0,0.866025403784433,0.50000000000001,0.86602540378445,-0.49999999999998,1.220747,2.55352718191611,1,0.757082348778741,1,1,0,1,2.14,3.65,0.41,2.47344145961298,0,0
0,53232.219048739,0,59413.625102899,2018-03-01,2018,3,6.316,0.398230088,0.81013,1.92892,1.151,2,2,2,0,1,0,0,1,0,1,8.81919862659453e-15,1.76383972531891e-14,-1,1.220747,2.49362568124952,1,0.470837166667747,1,1,0,0.965260545905707,2.14,3.65,0.41,2.53285809794641,0,0
27763.466334159,19594.082177013,0,42646.482664747,2018-04-01,2018,4,6.316,0.398230088,0.81013,1.92892,1.151,2,2,2,0,1,0,0,1,0,0.866025403784442,-0.499999999999995,-0.866025403784433,-0.50000000000001,1.220747,2.64647834136099,1,0.568462239356245,1,1,0,0.981818181818182,2.14,3.65,0.41,2.38656780268676,0,0
7391.540163674,26853.328729497,1023.41186261,22064.706323243,2018-05-01,2018,5,6.316,0.398230088,0.81013,1.92892,1.151,2,2,2,0,1,0,0,1,0,0.500000000000003,-0.866025403784437,-0.866025403784442,0.499999999999995,1.220747,2.79256594796963,1,0.516079370364062,1,1,0,0.950372208436725,2.14,3.65,0.41,2.26171919219745,0,1023.41186261
154962.378430415,87317.7358743507,694026.717829236,216079.141479341,2018-06-01,2018,6,6.316,0.398230088,0.81013,1.92892,1.151,2,2,2,1,1,0.666666666666667,1,1,0.555555555555556,1.42094994624864e-14,-1,-2.84189989249728e-14,1,1.220747,2.73635446841662,1,0.393318968754993,1,1,1,1,2.14,3.65,0.41,2.30818049083192,1,694026.717829236
66359.224471077,23135.477627368,311524.576142894,135112.48103187,2018-07-01,2018,7,6.316,0.398230088,0.81013,1.92892,1.151,2,2,2,1,1,0.67741935483871,1,1,0.666666666666667,-0.49999999999999,-0.866025403784444,0.866025403784427,0.50000000000002,1.220747,2.7151831627571,1,0.499526450670481,1,1,1,0.993087557603687,2.14,3.65,0.41,2.326178243381,2,311524.576142894
125714.730614485,120249.050877063,9180.673834,129107.430718616,2018-08-01,2018,8,6.316,0.398230088,0.81013,1.92892,1.151,2,2,2,1,1,0,1,1,0,-0.866025403784434,-0.500000000000007,0.866025403784447,-0.499999999999986,1.220747,2.72551329730245,1,0.694300397811941,1,1,0,1,2.14,3.65,0.41,2.31736165303292,0,9180.673834
69892.00249326,56250.47416926,751.48736797,167779.689992126,2018-09-01,2018,9,6.316,0.398230088,0.81013,1.92892,1.151,2,2,2,1,1,0,1,1,0,-1,-5.38894558317626e-15,1.07778911663525e-14,-1,1.220747,2.72616419455395,1,0.627149268077764,1,1,0,0.992857142857143,2.14,3.65,0.41,2.31680836121957,0,0
41354.366026618,25684.176840454,0,75650.212204558,2018-10-01,2018,10,6.316,0.398230088,0.81013,1.92892,1.151,2,2,2,1,1,0,1,1,0,-0.866025403784447,0.499999999999986,-0.866025403784422,-0.500000000000029,1.220747,2.75185329921288,1,0.508934933770614,1,1,0,0.944700460829493,2.14,3.65,0.41,2.29518048865708,0,0
41869.08551163,31195.214984661,0,30678.292537027,2018-11-01,2018,11,6.316,0.398230088,0.81013,1.92892,1.151,2,2,2,1,1,0,1,1,0,-0.500000000000012,0.866025403784432,-0.866025403784452,0.499999999999976,1.220747,2.48764002609882,1,0.351022628608722,1,1,0,0.954761904761905,2.14,3.65,0.41,2.53895255492609,0,0
141059.43038389,25897.88647176,489.60800316,33459.125511947,2018-12-01,2018,12,6.316,0.398230088,0.81013,1.92892,1.151,2,2,2,1,1,0,1,1,0,-1.07792464190681e-14,1,-2.15584928381363e-14,1,1.220747,2.22188065688507,1,0.398093009370647,1,1,0,0.900537634408602,2.14,3.65,0.41,2.84263692580798,0,0
0,440.67708261,0,27045.00372794,2019-01-01,2019,1,6.648,0.451327434,0.48505,1.32525,1.334,2,2,2,0,1,0,0,1,0,0.499999999999993,0.866025403784443,0.866025403784431,0.500000000000014,1.227247,2.15009155644362,1,0.46944973143871,1,1,0,0.947004608294931,2.14,3.65,0.48,3.09196135396029,0,0
14241.818712,67190.58517694,0,117930.488764139,2019-02-01,2019,2,6.648,0.451327434,0.48505,1.32525,1.334,2,2,2,0,1,0,0,1,0,0.866025403784436,0.500000000000004,0.866025403784444,-0.499999999999992,1.227247,2.2514770531401,1,0.733215551197319,1,1,0,0.994897959183674,2.14,3.65,0.48,2.95272829484455,0,0
0,10212.819252065,4490.1894567,85894.900596158,2019-03-01,2019,3,6.648,0.451327434,0.48505,1.32525,1.334,2,2,2,0,1,0,0,1,0,1,1.616954725496e-14,3.233909450992e-14,-1,1.227247,2.51812596132544,1,0.683100375737516,1,1,0,0.974423963133641,2.14,3.65,0.48,2.64005856025596,0,4490.1894567
1580.38735674,28707.585854094,0,57894.770278487,2019-04-01,2019,4,6.648,0.451327434,0.48505,1.32525,1.334,2,2,2,0,1,0,0,1,0,0.866025403784445,-0.499999999999989,-0.866025403784425,-0.500000000000023,1.227247,2.71128061934997,1,0.604187308101979,1,1,0,0.956410256410256,2.14,3.65,0.48,2.45197784122909,0,0
24727.85227029,65934.22357272,4722.53930957,77789.536506248,2019-05-01,2019,5,6.648,0.451327434,0.48505,1.32525,1.334,2,2,2,0,1,0,0,1,0,0.500000000000009,-0.866025403784433,-0.866025403784449,0.499999999999982,1.227247,2.64060927888303,1,0.515186032632577,1,1,0,1,2.14,3.65,0.48,2.51760078750162,0,4722.53930957
219321.933559733,76057.654452608,494061.780753627,141557.391940028,2019-06-01,2019,6,6.648,0.451327434,0.48505,1.32525,1.334,2,2,2,1,1,1,1,1,1,7.34899337564987e-15,-1,-1.46979867512997e-14,1,1.227247,2.4684914952439,1,0.417467735235294,1,1,1,0.992857142857143,2.14,3.65,0.48,2.6931427605924,1,494061.780753627
87647.580163369,45150.328890796,225557.294714822,200894.981742466,2019-07-01,2019,7,6.648,0.451327434,0.48505,1.32525,1.334,2,2,2,1,1,0.387096774193548,1,1,0.25,-0.499999999999996,-0.866025403784441,0.866025403784434,0.500000000000008,1.227247,2.57229097808646,1,0.464262169679469,1,1,1,0.995391705069124,2.14,3.65,0.48,2.58446655399207,2,225557.294714822
106688.89244454,83089.44928564,752.06698291,115055.857856498,2019-08-01,2019,8,6.648,0.451327434,0.48505,1.32525,1.334,2,2,2,1,1,0,1,1,0,-0.866025403784431,-0.500000000000014,0.866025403784454,-0.499999999999973,1.227247,2.37587961227107,1,0.492034958516032,1,1,0,0.995391705069124,2.14,3.65,0.48,2.79812157386429,0,0
34198.41810164,10298.398160791,0,81854.724595456,2019-09-01,2019,9,6.648,0.451327434,0.48505,1.32525,1.334,2,2,2,1,1,0,1,1,0,-1,-1.27392942115417e-14,2.54785884230835e-14,-1,1.227247,2.39987870968748,1,0.469172648830072,1,1,0,0.969047619047619,2.14,3.65,0.48,2.77013999631078,0,0
61414.489106472,3141.271812781,144420.297516462,91545.405361095,2019-10-01,2019,10,6.648,0.451327434,0.48505,1.32525,1.334,2,2,2,1,1,0.193548387096774,1,1,0.75,-0.866025403784444,0.499999999999992,-0.866025403784429,-0.500000000000017,1.227247,2.38945027827652,1,0.3757583312148,1,1,1,0.97926267281106,2.14,3.65,0.48,2.78222989632374,3,144420.297516462
151029.317571077,18131.406676191,8100.481736066,100106.65506296,2019-11-01,2019,11,6.648,0.451327434,0.48505,1.32525,1.334,2,2,2,1,1,0,1,1,0,-0.500000000000006,0.866025403784435,-0.866025403784445,0.499999999999988,1.227247,2.34973929262549,1,0.460962723127324,1,1,0,0.966666666666667,2.14,3.65,0.48,2.8292500452558,0,8100.481736066
51761.24793499,23751.60789901,1297.430339,37544.63182041,2019-12-01,2019,12,6.648,0.451327434,0.48505,1.32525,1.334,2,2,2,1,1,0,1,1,0,-3.91874033223161e-15,1,-7.83748066446321e-15,1,1.227247,2.41879744797984,1,0.333516613755975,1,1,0,0.931294511939673,2.14,3.65,0.48,2.74847321570987,0,1297.430339
0,8970.19080248,0,117605.98638987,2020-01-01,2020,1,6.511,0.769911504,0.50584,1.79925,1.257,2,2,2,0,1,0,0,1,0,0.499999999999987,0.866025403784446,0.866025403784423,0.500000000000026,1.383539,2.46452483519734,1,0.391391843702374,1,1,0,0.937965260545906,2.13,3.65,0.61,2.64188857300708,0,0
0,19652.72803535,0,84743.36072864,2020-02-01,2020,2,6.511,0.769911504,0.50584,1.79925,1.257,2,2,2,0,1,0,0,1,0,0.866025403784432,0.500000000000011,0.866025403784451,-0.499999999999979,1.383539,2.33337741839199,1,0.389819729655425,1,1,0,0.935960591133005,2.13,3.65,0.61,2.79037585119297,0,0
36482.7103941,39895.372620103,0,89074.766375461,2020-03-01,2020,3,6.511,0.769911504,0.50584,1.79925,1.257,2,2,2,0,1,0,0,1,0,1,9.30904116812348e-15,1.8618082336247e-14,-1,1.383539,2.12436633575333,1,0.492159206781559,1,1,0,0.974654377880184,2.13,3.65,0.61,3.06491394182779,0,0
8242.242901092,15887.8562172666,0,31950.5836104098,2020-04-01,2020,4,6.511,0.769911504,0.50584,1.79925,1.257,2,2,2,0,1,0,0,1,0,0.866025403784442,-0.499999999999995,-0.866025403784432,-0.500000000000011,1.383539,1.79193675687194,1,0.466229225234739,1,1,0,0.978571428571429,2.13,3.65,0.61,3.63349876887721,0,0
42257.742169998,52454.143021971,371.28351643,85785.5352568568,2020-05-01,2020,5,6.511,0.769911504,0.50584,1.79925,1.257,2,2,2,0,1,0,0,1,0,0.500000000000015,-0.86602540378443,-0.866025403784456,0.499999999999969,1.383539,1.77003451786153,1,0.304881808600102,1,1,0,1,2.13,3.65,0.61,3.67845933754234,0,0
120890.68060751,35885.727630734,451723.771477676,162204.572176687,2020-06-01,2020,6,6.511,0.769911504,0.50584,1.79925,1.257,2,2,2,0.966666666666667,1,0.966666666666667,1,1,1,1.46993420040153e-14,-1,-2.93986840080307e-14,1,1.383539,1.95865954741531,1,0.293638430260075,1,1,1,0.988095238095238,2.13,3.65,0.61,3.32421221880651,1,451723.771477676
100507.630882093,50231.142829236,270966.934847357,303493.875164792,2020-07-01,2020,7,6.511,0.769911504,0.50584,1.79925,1.257,2,2,2,1,1,0.838709677419355,1,1,1,-0.49999999999999,-0.866025403784444,0.866025403784427,0.50000000000002,1.383539,2.07544527283095,1,0.352666071415382,1,1,1,1,2.13,3.65,0.61,3.13715812468467,2,270966.934847357
33654.286271204,13921.20846245,14755.16195214,134852.655077834,2020-08-01,2020,8,6.511,0.769911504,0.50584,1.79925,1.257,2,2,2,1,1,0,1,1,0,-0.866025403784434,-0.500000000000008,0.866025403784447,-0.499999999999985,1.383539,2.07552399257432,1,0.606870666001751,1,1,0,0.983188257381806,2.13,3.65,0.61,3.13703913965564,0,14755.16195214
82207.85650738,56577.23592678,0,187682.94645264,2020-09-01,2020,9,6.511,0.769911504,0.50584,1.79925,1.257,2,2,2,1,1,0,1,1,0,-1,-5.87878812470521e-15,1.17575762494104e-14,-1,1.383539,2.11293869605029,1,0.285571324876511,1,1,0,0.933333333333333,2.13,3.65,0.61,3.08149025438882,0,0
47264.761386965,21908.13384264,20178.04738075,111553.985319196,2020-10-01,2020,10,6.511,0.769911504,0.50584,1.79925,1.257,2,2,2,1,1,0.129032258064516,1,1,0.222222222222222,-0.866025403784447,0.499999999999985,-0.866025403784421,-0.50000000000003,1.383539,2.09686970954357,1,0.525725523963711,1,1,1,0.962779156327543,2.13,3.65,0.61,3.10510470458237,3,20178.04738075
52937.152579179,6262.37374827,98718.89712338,53694.194119652,2020-11-01,2020,11,6.511,0.769911504,0.50584,1.79925,1.257,2,2,2,1,1,0.0666666666666667,1,1,0.111111111111111,-0.500000000000012,0.866025403784431,-0.866025403784453,0.499999999999975,1.383539,1.97279462187198,1,0.556027154783673,1,1,1,0.870380194518126,2.13,3.65,0.61,3.30039423658898,4,98718.89712338
191653.81143888,46236.139568498,1315.7102536,61390.301206197,2020-12-01,2020,12,6.511,0.769911504,0.50584,1.79925,1.257,2,2,2,1,1,0,1,1,0,-1.12690889605971e-14,1,-2.25381779211942e-14,1,1.383539,2.141013822441,1,0.385611870512619,1,1,0,0.951061483319548,2.13,3.65,0.61,3.04108265521458,0,1315.7102536
11546.3724412,12957.945204487,0,87663.4472045505,2021-01-01,2021,1,6.441,0.238938053,0.73792,0.83589,1.601,2,2,2,0,1,0,0,1,0,0.499999999999993,0.866025403784443,0.86602540378443,0.500000000000014,1.360113,2.2756390733816,1,0.401244583087787,1,1,0,0.964197093229351,2.14,2.58,0.87,2.83041369580136,0,0
659.99884721,17530.9890385081,0,79604.390936141,2021-02-01,2021,2,6.441,0.238938053,0.73792,0.83589,1.601,2,2,2,0,1,0,0,1,0,0.866025403784436,0.500000000000005,0.866025403784444,-0.499999999999991,1.360113,2.45335749401717,1,0.512606297008922,1,1,0,0.956632653061224,2.14,2.58,0.87,2.62538175366093,0,0
0,12542.57921336,0,170623.257864793,2021-03-01,2021,3,6.441,0.238938053,0.73792,0.83589,1.601,2,2,2,0,1,0,0,1,0,1,1.6659389796489e-14,3.33187795929779e-14,-1,1.360113,2.77854275057601,1,0.559646020115187,1,1,0,0.962005494505495,2.14,2.58,0.87,2.31812161200857,0,0
13150.37728632,20221.29452625,0,83474.818850703,2021-04-01,2021,4,6.441,0.238938053,0.73792,0.83589,1.601,2,2,2,0,1,0,0,1,0,0.866025403784445,-0.499999999999988,-0.866025403784425,-0.500000000000024,1.360113,2.80990609981237,1,0.708273258242321,1,1,0,0.976839826839827,2.14,2.58,0.87,2.29224741724647,0,0
20184.999503717,25736.005655134,593.38215368,183325.64704502,2021-05-01,2021,5,6.441,0.238938053,0.73792,0.83589,1.601,2,2,2,0,1,0,0,1,0,0.500000000000009,-0.866025403784433,-0.866025403784449,0.499999999999981,1.360113,2.83857616811581,1,0.451500245222917,1,1,0,0.963665366891173,2.14,2.58,0.87,2.26909535574499,0,0
107055.197297886,92759.548403026,317283.044067165,227817.599365753,2021-06-01,2021,6,6.441,0.238938053,0.73792,0.83589,1.601,2,2,2,1,1,1,1,1,1,7.83883591717882e-15,-1,-1.56776718343576e-14,1,1.360113,2.9128128531362,1,0.372677258776184,1,1,1,1,2.14,2.58,0.87,2.21126461765816,1,317283.044067165
116842.361215819,40952.796694102,263515.054874663,203314.399040079,2021-07-01,2021,7,6.441,0.238938053,0.73792,0.83589,1.601,2,2,2,1,1,1,1,1,1,-0.499999999999983,-0.866025403784448,0.86602540378442,0.500000000000033,1.360113,2.96620066544962,1,0.188041516087578,1,1,1,0.976958525345622,2.14,2.58,0.87,2.17146468714168,2,263515.054874663
38348.765025443,17062.591394887,2176.564827621,182750.72167627,2021-08-01,2021,8,6.441,0.238938053,0.73792,0.83589,1.601,2,2,2,1,1,0.0967741935483871,1,1,0.111111111111111,-0.866025403784431,-0.500000000000014,0.866025403784455,-0.499999999999972,1.360113,2.95108410896584,1,0.369282355157296,1,1,1,0.967741935483871,2.14,2.58,0.87,2.18258774137656,3,2176.564827621
40636.649170544,11905.278948133,0,98607.6082020087,2021-09-01,2021,9,6.441,0.238938053,0.73792,0.83589,1.601,2,2,2,1,0.5,0,1,0.5,0,-1,-1.32291367530707e-14,2.64582735061414e-14,-1,1.360113,3.01416420840233,1,0.272596624878455,1,1,0,0.995238095238095,2.14,2.58,0.87,2.13691078344205,0,0
28203.936853967,2551.04976594,12545.861791816,78475.612244826,2021-10-01,2021,10,6.441,0.238938053,0.73792,0.83589,1.601,2,2,2,1,0,0.548387096774194,1,0,0.6,-0.866025403784444,0.499999999999991,-0.866025403784428,-0.500000000000018,1.360113,3.16709580037184,1,0.415851337680562,1,1,1,0.970046082949309,2.14,2.58,0.87,2.03372439799383,4,12545.861791816
103422.924088074,1297.304136653,3181.0750607,96948.085955761,2021-11-01,2021,11,6.441,0.238938053,0.73792,0.83589,1.601,2,2,2,1,0,0.2,1,0,0.125,-0.500000000000006,0.866025403784435,-0.866025403784446,0.499999999999987,1.360113,3.28405708108421,1,0.327711827042249,1,1,1,0.961904761904762,2.14,2.58,0.87,1.96129355884203,5,3181.0750607
188014.440333058,5575.20550433,0,107128.052904506,2021-12-01,2021,12,6.441,0.238938053,0.73792,0.83589,1.601,2,2,2,1,0,0,1,0,0,-1.86194375889626e-14,1,-3.72388751779251e-14,1,1.360113,3.20381361981378,1,0.277510447772886,1,1,0,0.984572230014025,2.14,2.58,0.87,2.0104165736003,0,0
0,47342.89151611,0,111749.879349428,2022-01-01,2022,1,6.537,0.85619469,0.88307,0.83589,1.601,2,2,2,0,1,0,0,1,0,0.499999999999986,0.866025403784446,0.866025403784423,0.500000000000027,1.333321,3.21280883207438,1,0.389283248764954,1,1,0,0.942928039702233,2.14,2.41,0.58,2.03466821142276,0,0
10910.90632084,25700.05869544,0,139463.831626565,2022-02-01,2022,2,6.537,0.85619469,0.88307,0.83589,1.601,2,2,2,0,1,0,0,1,0,0.866025403784432,0.500000000000011,0.866025403784451,-0.499999999999978,1.333321,3.47041175466302,1,0.387438797028923,1,1,0,0.991758241758242,2.14,2.41,0.58,1.8836381565434,0,0
16427.01245222,13341.82578109,0,129130.565816739,2022-03-01,2022,3,6.537,0.85619469,0.88307,0.83589,1.601,2,2,2,0,1,0,0,1,0,1,9.79888370965243e-15,1.95977674193049e-14,-1,1.333321,4.1587940616673,1,0.447004584043681,1,1,0,0.955163857277317,2.14,2.41,0.58,1.57184989279783,0,0
4203.42986791,32095.45075924,368.14252617,112544.467533567,2022-04-01,2022,4,6.537,0.85619469,0.88307,0.83589,1.601,2,2,2,0,1,0,0,1,0,0.866025403784442,-0.499999999999994,-0.866025403784432,-0.500000000000012,1.333321,4.04244177472313,1,0.778016298591464,1,1,0,0.974270557029178,2.14,2.41,0.58,1.61709193707502,0,0
76250.827123097,52232.0936296,12603.99828229,149594.755196999,2022-05-01,2022,5,6.537,0.85619469,0.88307,0.83589,1.601,2,2,2,0,1,0,0,1,0,0.500000000000016,-0.86602540378443,-0.866025403784457,0.499999999999969,1.333321,4.39390823530226,1,0.460651363267271,1,1,0,0.997518610421836,2.14,2.41,0.58,1.48774158446901,0,12603.99828229
181442.719214787,38095.625958899,409366.370244668,273549.666450982,2022-06-01,2022,6,6.537,0.85619469,0.88307,0.83589,1.601,2,2,2,1,1,0.5,1,1,0.5,1.51891845455443e-14,-1,-3.03783690910886e-14,1,1.333321,4.78787548580891,1,0.383493234958764,1,1,1,0.994871794871795,2.14,2.41,0.58,1.3653237264368,1,409366.370244668
109978.253812778,173876.092695466,564454.11391425,242450.443983281,2022-07-01,2022,7,6.537,0.85619469,0.88307,0.83589,1.601,2,2,2,1,1,1,1,1,1,-0.499999999999989,-0.866025403784445,0.866025403784426,0.500000000000021,1.333321,4.2484981117812,1,0.354955423791277,1,1,1,1,2.14,2.41,0.58,1.53866138762607,2,564454.11391425
39240.06977442,31438.720734344,13641.212399812,122942.400190767,2022-08-01,2022,8,6.537,0.85619469,0.88307,0.83589,1.601,2,2,2,1,0.935483870967742,0,1,1,0,-0.866025403784434,-0.500000000000008,0.866025403784448,-0.499999999999984,1.333321,3.62771388502612,1,0.256121817477927,1,1,0,1,2.14,2.41,0.58,1.80196129220178,0,13641.212399812
22954.38929411,0,6865.1927656,126668.947221927,2022-09-01,2022,9,6.537,0.85619469,0.88307,0.83589,1.601,2,2,2,1,0,0,1,0,0,-1,-6.36863066623417e-15,1.27372613324683e-14,-1,1.333321,3.39027610400748,1,0.485959839235149,1,1,0,0.961172161172161,2.14,2.41,0.58,1.92816154184992,0,6865.1927656
41404.43047529,163.003444862,32977.010658493,126823.518567818,2022-10-01,2022,10,6.537,0.85619469,0.88307,0.83589,1.601,2,2,2,1,0,0.193548387096774,1,0,0.6,-0.866025403784447,0.499999999999985,-0.866025403784421,-0.500000000000031,1.333321,3.27121605886634,1,0.469308199817186,1,1,1,0.994623655913978,2.14,2.41,0.58,1.99833941945903,3,32977.010658493
30350.371739647,685.405683733,3309.70640772,37556.375833748,2022-11-01,2022,11,6.537,0.85619469,0.88307,0.83589,1.601,2,2,2,1,0,0.2,1,0,0.5,-0.500000000000013,0.866025403784431,-0.866025403784453,0.499999999999975,1.333321,3.40655580983316,1,0.619273065874848,1,1,1,0.966666666666667,2.14,2.41,0.58,1.91894698484924,4,3309.70640772
138937.322720074,0,0,49814.721689544,2022-12-01,2022,12,6.537,0.85619469,0.88307,0.83589,1.601,2,2,2,1,0,0,1,0,0,-1.1758931502126e-14,1,-2.35178630042521e-14,1,1.333321,3.03465464158194,1,0.455682906109114,1,1,0,0.98014888337469,2.14,2.41,0.58,2.15411662020042,0,0
